-- --------------------------------------------------------
-- Host:                         127.0.0.1
-- Wersja serwera:               10.4.6-MariaDB - mariadb.org binary distribution
-- Serwer OS:                    Win64
-- HeidiSQL Wersja:              11.2.0.6213
-- --------------------------------------------------------

/*!40101 SET @OLD_CHARACTER_SET_CLIENT=@@CHARACTER_SET_CLIENT */;
/*!40101 SET NAMES utf8 */;
/*!50503 SET NAMES utf8mb4 */;
/*!40014 SET @OLD_FOREIGN_KEY_CHECKS=@@FOREIGN_KEY_CHECKS, FOREIGN_KEY_CHECKS=0 */;
/*!40101 SET @OLD_SQL_MODE=@@SQL_MODE, SQL_MODE='NO_AUTO_VALUE_ON_ZERO' */;
/*!40111 SET @OLD_SQL_NOTES=@@SQL_NOTES, SQL_NOTES=0 */;


-- Zrzut struktury bazy danych zutexpress
DROP DATABASE IF EXISTS `zutexpress`;
CREATE DATABASE IF NOT EXISTS `zutexpress` /*!40100 DEFAULT CHARACTER SET utf8 */;
USE `zutexpress`;

-- Zrzut struktury tabela zutexpress.bilet
DROP TABLE IF EXISTS `bilet`;
CREATE TABLE IF NOT EXISTS `bilet` (
  `biletId` int(11) NOT NULL AUTO_INCREMENT,
  `iloscOsob` int(11) NOT NULL,
  `bagaze` int(11) NOT NULL,
  `kodBiletu` varchar(36) NOT NULL,
  `lotId` int(11) NOT NULL,
  PRIMARY KEY (`biletId`),
  UNIQUE KEY `kodBiletu` (`kodBiletu`)
) ENGINE=InnoDB AUTO_INCREMENT=6 DEFAULT CHARSET=utf8;

-- Zrzucanie danych dla tabeli zutexpress.bilet: ~2 rows (około)
DELETE FROM `bilet`;
/*!40000 ALTER TABLE `bilet` DISABLE KEYS */;
INSERT INTO `bilet` (`biletId`, `iloscOsob`, `bagaze`, `kodBiletu`, `lotId`) VALUES
	(1, 3, 3, 'fa5a88af-ddd3-4d0f-b872-5a9914803619', 1),
	(2, 3, 2, '9a2405cc-c5bc-4514-9580-f17a4751eae6', 5),
	(3, 3, 2, '5d7afd7f-1bdf-4c6b-ae9c-ce491f9c9934', 10),
	(4, 3, 2, '04ed5eb9-7cb8-464a-91f9-dfff0bdc3ccc', 1),
	(5, 1, 0, '484df4ad-4264-4d08-8a4a-073fc37021d5', 1);
/*!40000 ALTER TABLE `bilet` ENABLE KEYS */;

-- Zrzut struktury tabela zutexpress.lot
DROP TABLE IF EXISTS `lot`;
CREATE TABLE IF NOT EXISTS `lot` (
  `lotId` int(11) NOT NULL AUTO_INCREMENT,
  `dataWylotu` date NOT NULL,
  `dataPrzylotu` date NOT NULL,
  `godzinaWylotu` varchar(10) NOT NULL,
  `godzinaPrzylotu` varchar(10) NOT NULL,
  `cena` decimal(10,0) NOT NULL,
  `miastoWylotu` int(11) NOT NULL,
  `miastoPrzylotu` int(11) NOT NULL,
  `pilotId` int(11) NOT NULL,
  `samolotId` int(11) NOT NULL,
  PRIMARY KEY (`lotId`)
) ENGINE=InnoDB AUTO_INCREMENT=16 DEFAULT CHARSET=utf8;

-- Zrzucanie danych dla tabeli zutexpress.lot: ~14 rows (około)
DELETE FROM `lot`;
/*!40000 ALTER TABLE `lot` DISABLE KEYS */;
INSERT INTO `lot` (`lotId`, `dataWylotu`, `dataPrzylotu`, `godzinaWylotu`, `godzinaPrzylotu`, `cena`, `miastoWylotu`, `miastoPrzylotu`, `pilotId`, `samolotId`) VALUES
	(1, '2022-08-22', '2022-08-22', '09:00', '11:00', 400, 1, 2, 29, 1),
	(2, '2022-08-24', '2022-08-24', '14:00', '15:30', 380, 1, 2, 30, 3),
	(3, '2022-08-26', '2022-08-26', '19:00', '20:50', 360, 1, 2, 31, 4),
	(4, '2022-02-22', '2022-02-22', '11:00', '13:30', 420, 1, 3, 29, 4),
	(5, '2022-03-25', '2022-03-25', '21:00', '23:30', 450, 1, 3, 30, 2),
	(6, '2022-02-20', '2022-02-20', '11:00', '13:30', 310, 1, 3, 30, 3),
	(7, '2022-02-28', '2022-02-28', '14:00', '17:00', 350, 1, 3, 31, 2),
	(8, '2022-02-11', '2022-02-11', '12:00', '13:40', 300, 1, 4, 31, 1),
	(9, '2022-03-24', '2022-03-24', '15:00', '16:30', 340, 1, 4, 31, 4),
	(10, '2022-03-04', '2022-03-04', '12:00', '13:30', 350, 1, 4, 29, 4),
	(11, '2022-09-24', '2022-09-24', '10:00', '11:30', 350, 1, 5, 30, 3),
	(12, '2022-09-26', '2022-09-26', '20:00', '21:30', 390, 1, 5, 29, 4),
	(13, '2022-09-28', '2022-09-28', '18:00', '19:30', 360, 1, 5, 31, 3),
	(14, '2022-08-23', '2022-08-23', '20:00', '21:30', 360, 2, 1, 29, 2),
	(15, '2022-08-22', '2022-08-22', '15:00', '16:30', 450, 1, 2, 30, 3);
/*!40000 ALTER TABLE `lot` ENABLE KEYS */;

-- Zrzut struktury tabela zutexpress.miasto
DROP TABLE IF EXISTS `miasto`;
CREATE TABLE IF NOT EXISTS `miasto` (
  `miastoId` int(11) NOT NULL AUTO_INCREMENT,
  `nazwaMiasta` varchar(40) NOT NULL,
  PRIMARY KEY (`miastoId`),
  UNIQUE KEY `nazwaMiasta` (`nazwaMiasta`)
) ENGINE=InnoDB AUTO_INCREMENT=7 DEFAULT CHARSET=utf8;

-- Zrzucanie danych dla tabeli zutexpress.miasto: ~6 rows (około)
DELETE FROM `miasto`;
/*!40000 ALTER TABLE `miasto` DISABLE KEYS */;
INSERT INTO `miasto` (`miastoId`, `nazwaMiasta`) VALUES
	(2, 'Berlin'),
	(6, 'Dublin'),
	(3, 'Paryż'),
	(4, 'Praga'),
	(1, 'Warszawa'),
	(5, 'Wiedeń');
/*!40000 ALTER TABLE `miasto` ENABLE KEYS */;

-- Zrzut struktury tabela zutexpress.miejsce
DROP TABLE IF EXISTS `miejsce`;
CREATE TABLE IF NOT EXISTS `miejsce` (
  `miejsceId` int(11) NOT NULL AUTO_INCREMENT,
  `kodMiejsca` varchar(10) NOT NULL,
  `samolotId` int(11) NOT NULL,
  PRIMARY KEY (`miejsceId`)
) ENGINE=InnoDB AUTO_INCREMENT=446 DEFAULT CHARSET=utf8;

-- Zrzucanie danych dla tabeli zutexpress.miejsce: ~445 rows (około)
DELETE FROM `miejsce`;
/*!40000 ALTER TABLE `miejsce` DISABLE KEYS */;
INSERT INTO `miejsce` (`miejsceId`, `kodMiejsca`, `samolotId`) VALUES
	(1, 'M-1', 1),
	(2, 'M-2', 1),
	(3, 'M-3', 1),
	(4, 'M-4', 1),
	(5, 'M-5', 1),
	(6, 'M-6', 1),
	(7, 'M-7', 1),
	(8, 'M-8', 1),
	(9, 'M-9', 1),
	(10, 'M-10', 1),
	(11, 'M-11', 1),
	(12, 'M-12', 1),
	(13, 'M-13', 1),
	(14, 'M-14', 1),
	(15, 'M-15', 1),
	(16, 'M-16', 1),
	(17, 'M-17', 1),
	(18, 'M-18', 1),
	(19, 'M-19', 1),
	(20, 'M-20', 1),
	(21, 'M-21', 1),
	(22, 'M-22', 1),
	(23, 'M-23', 1),
	(24, 'M-24', 1),
	(25, 'M-25', 1),
	(26, 'M-26', 1),
	(27, 'M-27', 1),
	(28, 'M-28', 1),
	(29, 'M-29', 1),
	(30, 'M-30', 1),
	(31, 'M-31', 1),
	(32, 'M-32', 1),
	(33, 'M-33', 1),
	(34, 'M-34', 1),
	(35, 'M-35', 1),
	(36, 'M-36', 1),
	(37, 'M-37', 1),
	(38, 'M-38', 1),
	(39, 'M-39', 1),
	(40, 'M-40', 1),
	(41, 'M-41', 1),
	(42, 'M-42', 1),
	(43, 'M-43', 1),
	(44, 'M-44', 1),
	(45, 'M-45', 1),
	(46, 'M-46', 1),
	(47, 'M-47', 1),
	(48, 'M-48', 1),
	(49, 'M-49', 1),
	(50, 'M-50', 1),
	(51, 'M-51', 1),
	(52, 'M-52', 1),
	(53, 'M-53', 1),
	(54, 'M-54', 1),
	(55, 'M-55', 1),
	(56, 'M-56', 1),
	(57, 'M-57', 1),
	(58, 'M-58', 1),
	(59, 'M-59', 1),
	(60, 'M-60', 1),
	(61, 'M-61', 1),
	(62, 'M-62', 1),
	(63, 'M-63', 1),
	(64, 'M-64', 1),
	(65, 'M-65', 1),
	(66, 'M-66', 1),
	(67, 'M-67', 1),
	(68, 'M-68', 1),
	(69, 'M-69', 1),
	(70, 'M-70', 1),
	(71, 'M-71', 1),
	(72, 'M-72', 1),
	(73, 'M-73', 1),
	(74, 'M-74', 1),
	(75, 'M-75', 1),
	(76, 'M-76', 1),
	(77, 'M-77', 1),
	(78, 'M-78', 1),
	(79, 'M-79', 1),
	(80, 'M-80', 1),
	(81, 'M-1', 2),
	(82, 'M-2', 2),
	(83, 'M-3', 2),
	(84, 'M-4', 2),
	(85, 'M-5', 2),
	(86, 'M-6', 2),
	(87, 'M-7', 2),
	(88, 'M-8', 2),
	(89, 'M-9', 2),
	(90, 'M-10', 2),
	(91, 'M-11', 2),
	(92, 'M-12', 2),
	(93, 'M-13', 2),
	(94, 'M-14', 2),
	(95, 'M-15', 2),
	(96, 'M-16', 2),
	(97, 'M-17', 2),
	(98, 'M-18', 2),
	(99, 'M-19', 2),
	(100, 'M-20', 2),
	(101, 'M-21', 2),
	(102, 'M-22', 2),
	(103, 'M-23', 2),
	(104, 'M-24', 2),
	(105, 'M-25', 2),
	(106, 'M-26', 2),
	(107, 'M-27', 2),
	(108, 'M-28', 2),
	(109, 'M-29', 2),
	(110, 'M-30', 2),
	(111, 'M-31', 2),
	(112, 'M-32', 2),
	(113, 'M-33', 2),
	(114, 'M-34', 2),
	(115, 'M-35', 2),
	(116, 'M-36', 2),
	(117, 'M-37', 2),
	(118, 'M-38', 2),
	(119, 'M-39', 2),
	(120, 'M-40', 2),
	(121, 'M-41', 2),
	(122, 'M-42', 2),
	(123, 'M-43', 2),
	(124, 'M-44', 2),
	(125, 'M-45', 2),
	(126, 'M-46', 2),
	(127, 'M-47', 2),
	(128, 'M-48', 2),
	(129, 'M-49', 2),
	(130, 'M-50', 2),
	(131, 'M-51', 2),
	(132, 'M-52', 2),
	(133, 'M-53', 2),
	(134, 'M-54', 2),
	(135, 'M-55', 2),
	(136, 'M-56', 2),
	(137, 'M-57', 2),
	(138, 'M-58', 2),
	(139, 'M-59', 2),
	(140, 'M-60', 2),
	(141, 'M-61', 2),
	(142, 'M-62', 2),
	(143, 'M-63', 2),
	(144, 'M-64', 2),
	(145, 'M-65', 2),
	(146, 'M-66', 2),
	(147, 'M-67', 2),
	(148, 'M-68', 2),
	(149, 'M-69', 2),
	(150, 'M-70', 2),
	(151, 'M-71', 2),
	(152, 'M-72', 2),
	(153, 'M-73', 2),
	(154, 'M-74', 2),
	(155, 'M-75', 2),
	(156, 'M-76', 2),
	(157, 'M-77', 2),
	(158, 'M-78', 2),
	(159, 'M-79', 2),
	(160, 'M-80', 2),
	(161, 'M-81', 2),
	(162, 'M-82', 2),
	(163, 'M-83', 2),
	(164, 'M-84', 2),
	(165, 'M-85', 2),
	(166, 'M-86', 2),
	(167, 'M-87', 2),
	(168, 'M-88', 2),
	(169, 'M-89', 2),
	(170, 'M-90', 2),
	(171, 'M-91', 2),
	(172, 'M-92', 2),
	(173, 'M-93', 2),
	(174, 'M-94', 2),
	(175, 'M-95', 2),
	(176, 'M-96', 2),
	(177, 'M-97', 2),
	(178, 'M-98', 2),
	(179, 'M-99', 2),
	(180, 'M-100', 2),
	(181, 'M-101', 2),
	(182, 'M-102', 2),
	(183, 'M-103', 2),
	(184, 'M-104', 2),
	(185, 'M-105', 2),
	(186, 'M-106', 2),
	(187, 'M-107', 2),
	(188, 'M-108', 2),
	(189, 'M-109', 2),
	(190, 'M-110', 2),
	(191, 'M-111', 2),
	(192, 'M-112', 2),
	(193, 'M-113', 2),
	(194, 'M-114', 2),
	(195, 'M-115', 2),
	(196, 'M-116', 2),
	(197, 'M-117', 2),
	(198, 'M-118', 2),
	(199, 'M-119', 2),
	(200, 'M-120', 2),
	(201, 'M-1', 3),
	(202, 'M-2', 3),
	(203, 'M-3', 3),
	(204, 'M-4', 3),
	(205, 'M-5', 3),
	(206, 'M-6', 3),
	(207, 'M-7', 3),
	(208, 'M-8', 3),
	(209, 'M-9', 3),
	(210, 'M-10', 3),
	(211, 'M-11', 3),
	(212, 'M-12', 3),
	(213, 'M-13', 3),
	(214, 'M-14', 3),
	(215, 'M-15', 3),
	(216, 'M-16', 3),
	(217, 'M-17', 3),
	(218, 'M-18', 3),
	(219, 'M-19', 3),
	(220, 'M-20', 3),
	(221, 'M-21', 3),
	(222, 'M-22', 3),
	(223, 'M-23', 3),
	(224, 'M-24', 3),
	(225, 'M-25', 3),
	(226, 'M-26', 3),
	(227, 'M-27', 3),
	(228, 'M-28', 3),
	(229, 'M-29', 3),
	(230, 'M-30', 3),
	(231, 'M-31', 3),
	(232, 'M-32', 3),
	(233, 'M-33', 3),
	(234, 'M-34', 3),
	(235, 'M-35', 3),
	(236, 'M-36', 3),
	(237, 'M-37', 3),
	(238, 'M-38', 3),
	(239, 'M-39', 3),
	(240, 'M-40', 3),
	(241, 'M-41', 3),
	(242, 'M-42', 3),
	(243, 'M-43', 3),
	(244, 'M-44', 3),
	(245, 'M-45', 3),
	(246, 'M-46', 3),
	(247, 'M-47', 3),
	(248, 'M-48', 3),
	(249, 'M-49', 3),
	(250, 'M-50', 3),
	(251, 'M-51', 3),
	(252, 'M-52', 3),
	(253, 'M-53', 3),
	(254, 'M-54', 3),
	(255, 'M-55', 3),
	(256, 'M-56', 3),
	(257, 'M-57', 3),
	(258, 'M-58', 3),
	(259, 'M-59', 3),
	(260, 'M-60', 3),
	(261, 'M-61', 3),
	(262, 'M-62', 3),
	(263, 'M-63', 3),
	(264, 'M-64', 3),
	(265, 'M-65', 3),
	(266, 'M-66', 3),
	(267, 'M-67', 3),
	(268, 'M-68', 3),
	(269, 'M-69', 3),
	(270, 'M-70', 3),
	(271, 'M-71', 3),
	(272, 'M-72', 3),
	(273, 'M-73', 3),
	(274, 'M-74', 3),
	(275, 'M-75', 3),
	(276, 'M-76', 3),
	(277, 'M-77', 3),
	(278, 'M-78', 3),
	(279, 'M-79', 3),
	(280, 'M-80', 3),
	(281, 'M-81', 3),
	(282, 'M-82', 3),
	(283, 'M-83', 3),
	(284, 'M-84', 3),
	(285, 'M-85', 3),
	(286, 'M-86', 3),
	(287, 'M-87', 3),
	(288, 'M-88', 3),
	(289, 'M-89', 3),
	(290, 'M-90', 3),
	(291, 'M-91', 3),
	(292, 'M-92', 3),
	(293, 'M-93', 3),
	(294, 'M-94', 3),
	(295, 'M-95', 3),
	(296, 'M-96', 3),
	(297, 'M-97', 3),
	(298, 'M-98', 3),
	(299, 'M-99', 3),
	(300, 'M-100', 3),
	(301, 'M-101', 3),
	(302, 'M-102', 3),
	(303, 'M-103', 3),
	(304, 'M-104', 3),
	(305, 'M-105', 3),
	(306, 'M-106', 3),
	(307, 'M-107', 3),
	(308, 'M-108', 3),
	(309, 'M-109', 3),
	(310, 'M-110', 3),
	(311, 'M-111', 3),
	(312, 'M-112', 3),
	(313, 'M-113', 3),
	(314, 'M-114', 3),
	(315, 'M-115', 3),
	(316, 'M-116', 3),
	(317, 'M-117', 3),
	(318, 'M-118', 3),
	(319, 'M-119', 3),
	(320, 'M-120', 3),
	(321, 'M-121', 3),
	(322, 'M-122', 3),
	(323, 'M-123', 3),
	(324, 'M-124', 3),
	(325, 'M-125', 3),
	(326, 'M-126', 3),
	(327, 'M-127', 3),
	(328, 'M-128', 3),
	(329, 'M-129', 3),
	(330, 'M-130', 3),
	(331, 'M-131', 3),
	(332, 'M-132', 3),
	(333, 'M-133', 3),
	(334, 'M-134', 3),
	(335, 'M-135', 3),
	(336, 'M-136', 3),
	(337, 'M-137', 3),
	(338, 'M-138', 3),
	(339, 'M-139', 3),
	(340, 'M-140', 3),
	(341, 'M-141', 3),
	(342, 'M-142', 3),
	(343, 'M-143', 3),
	(344, 'M-144', 3),
	(345, 'M-145', 3),
	(346, 'M-146', 3),
	(347, 'M-147', 3),
	(348, 'M-148', 3),
	(349, 'M-149', 3),
	(350, 'M-150', 3),
	(351, 'M-151', 3),
	(352, 'M-152', 3),
	(353, 'M-153', 3),
	(354, 'M-154', 3),
	(355, 'M-155', 3),
	(356, 'M-156', 3),
	(357, 'M-157', 3),
	(358, 'M-158', 3),
	(359, 'M-159', 3),
	(360, 'M-160', 3),
	(361, 'M-161', 3),
	(362, 'M-162', 3),
	(363, 'M-163', 3),
	(364, 'M-164', 3),
	(365, 'M-165', 3),
	(366, 'M-166', 3),
	(367, 'M-167', 3),
	(368, 'M-168', 3),
	(369, 'M-169', 3),
	(370, 'M-170', 3),
	(371, 'M-171', 3),
	(372, 'M-172', 3),
	(373, 'M-173', 3),
	(374, 'M-174', 3),
	(375, 'M-175', 3),
	(376, 'M-176', 3),
	(377, 'M-177', 3),
	(378, 'M-178', 3),
	(379, 'M-179', 3),
	(380, 'M-180', 3),
	(381, 'M-1', 4),
	(382, 'M-2', 4),
	(383, 'M-3', 4),
	(384, 'M-4', 4),
	(385, 'M-5', 4),
	(386, 'M-6', 4),
	(387, 'M-7', 4),
	(388, 'M-8', 4),
	(389, 'M-9', 4),
	(390, 'M-10', 4),
	(391, 'M-11', 4),
	(392, 'M-12', 4),
	(393, 'M-13', 4),
	(394, 'M-14', 4),
	(395, 'M-15', 4),
	(396, 'M-16', 4),
	(397, 'M-17', 4),
	(398, 'M-18', 4),
	(399, 'M-19', 4),
	(400, 'M-20', 4),
	(401, 'M-21', 4),
	(402, 'M-22', 4),
	(403, 'M-23', 4),
	(404, 'M-24', 4),
	(405, 'M-25', 4),
	(406, 'M-26', 4),
	(407, 'M-27', 4),
	(408, 'M-28', 4),
	(409, 'M-29', 4),
	(410, 'M-30', 4),
	(411, 'M-31', 4),
	(412, 'M-32', 4),
	(413, 'M-33', 4),
	(414, 'M-34', 4),
	(415, 'M-35', 4),
	(416, 'M-36', 4),
	(417, 'M-37', 4),
	(418, 'M-38', 4),
	(419, 'M-39', 4),
	(420, 'M-40', 4),
	(421, 'M-41', 4),
	(422, 'M-42', 4),
	(423, 'M-43', 4),
	(424, 'M-44', 4),
	(425, 'M-45', 4),
	(426, 'M-46', 4),
	(427, 'M-47', 4),
	(428, 'M-48', 4),
	(429, 'M-49', 4),
	(430, 'M-50', 4),
	(431, 'M-51', 4),
	(432, 'M-52', 4),
	(433, 'M-53', 4),
	(434, 'M-54', 4),
	(435, 'M-55', 4),
	(436, 'M-56', 4),
	(437, 'M-57', 4),
	(438, 'M-58', 4),
	(439, 'M-59', 4),
	(440, 'M-60', 4),
	(441, 'M-61', 4),
	(442, 'M-62', 4),
	(443, 'M-63', 4),
	(444, 'M-64', 4),
	(445, 'M-65', 4);
/*!40000 ALTER TABLE `miejsce` ENABLE KEYS */;

-- Zrzut struktury tabela zutexpress.platnosc
DROP TABLE IF EXISTS `platnosc`;
CREATE TABLE IF NOT EXISTS `platnosc` (
  `platnoscId` int(11) NOT NULL AUTO_INCREMENT,
  `rodzajPlatnosci` varchar(40) NOT NULL,
  PRIMARY KEY (`platnoscId`),
  UNIQUE KEY `rodzajPlatnosci` (`rodzajPlatnosci`)
) ENGINE=InnoDB AUTO_INCREMENT=4 DEFAULT CHARSET=utf8;

-- Zrzucanie danych dla tabeli zutexpress.platnosc: ~3 rows (około)
DELETE FROM `platnosc`;
/*!40000 ALTER TABLE `platnosc` DISABLE KEYS */;
INSERT INTO `platnosc` (`platnoscId`, `rodzajPlatnosci`) VALUES
	(2, 'Gotowka'),
	(3, 'Karta'),
	(1, 'Przelew');
/*!40000 ALTER TABLE `platnosc` ENABLE KEYS */;

-- Zrzut struktury tabela zutexpress.rezerwacja
DROP TABLE IF EXISTS `rezerwacja`;
CREATE TABLE IF NOT EXISTS `rezerwacja` (
  `rezerwacjaId` int(11) NOT NULL AUTO_INCREMENT,
  `czyZajete` tinyint(1) NOT NULL,
  `miejsceId` int(11) NOT NULL,
  `lotId` int(11) NOT NULL,
  PRIMARY KEY (`rezerwacjaId`)
) ENGINE=InnoDB AUTO_INCREMENT=2539 DEFAULT CHARSET=utf8;

-- Zrzucanie danych dla tabeli zutexpress.rezerwacja: ~1 445 rows (około)
DELETE FROM `rezerwacja`;
/*!40000 ALTER TABLE `rezerwacja` DISABLE KEYS */;
INSERT INTO `rezerwacja` (`rezerwacjaId`, `czyZajete`, `miejsceId`, `lotId`) VALUES
	(1, 0, 1, 1),
	(2, 1, 2, 1),
	(3, 0, 3, 1),
	(4, 0, 4, 1),
	(5, 0, 5, 1),
	(6, 0, 6, 1),
	(7, 0, 7, 1),
	(8, 0, 8, 1),
	(9, 0, 9, 1),
	(10, 1, 10, 1),
	(11, 1, 11, 1),
	(12, 0, 12, 1),
	(13, 0, 13, 1),
	(14, 0, 14, 1),
	(15, 0, 15, 1),
	(16, 0, 16, 1),
	(17, 0, 17, 1),
	(18, 1, 18, 1),
	(19, 1, 19, 1),
	(20, 1, 20, 1),
	(21, 0, 21, 1),
	(22, 0, 22, 1),
	(23, 0, 23, 1),
	(24, 0, 24, 1),
	(25, 0, 25, 1),
	(26, 0, 26, 1),
	(27, 0, 27, 1),
	(28, 0, 28, 1),
	(29, 0, 29, 1),
	(30, 0, 30, 1),
	(31, 0, 31, 1),
	(32, 0, 32, 1),
	(33, 0, 33, 1),
	(34, 0, 34, 1),
	(35, 0, 35, 1),
	(36, 0, 36, 1),
	(37, 0, 37, 1),
	(38, 0, 38, 1),
	(39, 0, 39, 1),
	(40, 0, 40, 1),
	(41, 0, 41, 1),
	(42, 0, 42, 1),
	(43, 0, 43, 1),
	(44, 0, 44, 1),
	(45, 0, 45, 1),
	(46, 0, 46, 1),
	(47, 0, 47, 1),
	(48, 0, 48, 1),
	(49, 0, 49, 1),
	(50, 0, 50, 1),
	(51, 0, 51, 1),
	(52, 0, 52, 1),
	(53, 0, 53, 1),
	(54, 0, 54, 1),
	(55, 0, 55, 1),
	(56, 0, 56, 1),
	(57, 0, 57, 1),
	(58, 0, 58, 1),
	(59, 0, 59, 1),
	(60, 0, 60, 1),
	(61, 0, 61, 1),
	(62, 0, 62, 1),
	(63, 0, 63, 1),
	(64, 0, 64, 1),
	(65, 0, 65, 1),
	(66, 0, 66, 1),
	(67, 0, 67, 1),
	(68, 0, 68, 1),
	(69, 0, 69, 1),
	(70, 0, 70, 1),
	(71, 0, 71, 1),
	(72, 0, 72, 1),
	(73, 0, 73, 1),
	(74, 0, 74, 1),
	(75, 0, 75, 1),
	(76, 0, 76, 1),
	(77, 0, 77, 1),
	(78, 0, 78, 1),
	(79, 0, 79, 1),
	(80, 0, 80, 1),
	(128, 0, 201, 2),
	(129, 0, 202, 2),
	(130, 0, 203, 2),
	(131, 0, 204, 2),
	(132, 0, 205, 2),
	(133, 0, 206, 2),
	(134, 0, 207, 2),
	(135, 0, 208, 2),
	(136, 0, 209, 2),
	(137, 0, 210, 2),
	(138, 0, 211, 2),
	(139, 0, 212, 2),
	(140, 0, 213, 2),
	(141, 0, 214, 2),
	(142, 0, 215, 2),
	(143, 0, 216, 2),
	(144, 0, 217, 2),
	(145, 0, 218, 2),
	(146, 0, 219, 2),
	(147, 0, 220, 2),
	(148, 0, 221, 2),
	(149, 0, 222, 2),
	(150, 0, 223, 2),
	(151, 0, 224, 2),
	(152, 0, 225, 2),
	(153, 0, 226, 2),
	(154, 0, 227, 2),
	(155, 0, 228, 2),
	(156, 0, 229, 2),
	(157, 0, 230, 2),
	(158, 0, 231, 2),
	(159, 0, 232, 2),
	(160, 0, 233, 2),
	(161, 0, 234, 2),
	(162, 0, 235, 2),
	(163, 0, 236, 2),
	(164, 0, 237, 2),
	(165, 0, 238, 2),
	(166, 0, 239, 2),
	(167, 0, 240, 2),
	(168, 0, 241, 2),
	(169, 0, 242, 2),
	(170, 0, 243, 2),
	(171, 0, 244, 2),
	(172, 0, 245, 2),
	(173, 0, 246, 2),
	(174, 0, 247, 2),
	(175, 0, 248, 2),
	(176, 0, 249, 2),
	(177, 0, 250, 2),
	(178, 0, 251, 2),
	(179, 0, 252, 2),
	(180, 0, 253, 2),
	(181, 0, 254, 2),
	(182, 0, 255, 2),
	(183, 0, 256, 2),
	(184, 0, 257, 2),
	(185, 0, 258, 2),
	(186, 0, 259, 2),
	(187, 0, 260, 2),
	(188, 0, 261, 2),
	(189, 0, 262, 2),
	(190, 0, 263, 2),
	(191, 0, 264, 2),
	(192, 0, 265, 2),
	(193, 0, 266, 2),
	(194, 0, 267, 2),
	(195, 0, 268, 2),
	(196, 0, 269, 2),
	(197, 0, 270, 2),
	(198, 0, 271, 2),
	(199, 0, 272, 2),
	(200, 0, 273, 2),
	(201, 0, 274, 2),
	(202, 0, 275, 2),
	(203, 0, 276, 2),
	(204, 0, 277, 2),
	(205, 0, 278, 2),
	(206, 0, 279, 2),
	(207, 0, 280, 2),
	(208, 0, 281, 2),
	(209, 0, 282, 2),
	(210, 0, 283, 2),
	(211, 0, 284, 2),
	(212, 0, 285, 2),
	(213, 0, 286, 2),
	(214, 0, 287, 2),
	(215, 0, 288, 2),
	(216, 0, 289, 2),
	(217, 0, 290, 2),
	(218, 0, 291, 2),
	(219, 0, 292, 2),
	(220, 0, 293, 2),
	(221, 0, 294, 2),
	(222, 0, 295, 2),
	(223, 0, 296, 2),
	(224, 0, 297, 2),
	(225, 0, 298, 2),
	(226, 0, 299, 2),
	(227, 0, 300, 2),
	(228, 0, 301, 2),
	(229, 0, 302, 2),
	(230, 0, 303, 2),
	(231, 0, 304, 2),
	(232, 0, 305, 2),
	(233, 0, 306, 2),
	(234, 0, 307, 2),
	(235, 0, 308, 2),
	(236, 0, 309, 2),
	(237, 0, 310, 2),
	(238, 0, 311, 2),
	(239, 0, 312, 2),
	(240, 0, 313, 2),
	(241, 0, 314, 2),
	(242, 0, 315, 2),
	(243, 0, 316, 2),
	(244, 0, 317, 2),
	(245, 0, 318, 2),
	(246, 0, 319, 2),
	(247, 0, 320, 2),
	(248, 0, 321, 2),
	(249, 0, 322, 2),
	(250, 0, 323, 2),
	(251, 0, 324, 2),
	(252, 0, 325, 2),
	(253, 0, 326, 2),
	(254, 0, 327, 2),
	(255, 0, 328, 2),
	(256, 0, 329, 2),
	(257, 0, 330, 2),
	(258, 0, 331, 2),
	(259, 0, 332, 2),
	(260, 0, 333, 2),
	(261, 0, 334, 2),
	(262, 0, 335, 2),
	(263, 0, 336, 2),
	(264, 0, 337, 2),
	(265, 0, 338, 2),
	(266, 0, 339, 2),
	(267, 0, 340, 2),
	(268, 0, 341, 2),
	(269, 0, 342, 2),
	(270, 0, 343, 2),
	(271, 0, 344, 2),
	(272, 0, 345, 2),
	(273, 0, 346, 2),
	(274, 0, 347, 2),
	(275, 0, 348, 2),
	(276, 0, 349, 2),
	(277, 0, 350, 2),
	(278, 0, 351, 2),
	(279, 0, 352, 2),
	(280, 0, 353, 2),
	(281, 0, 354, 2),
	(282, 0, 355, 2),
	(283, 0, 356, 2),
	(284, 0, 357, 2),
	(285, 0, 358, 2),
	(286, 0, 359, 2),
	(287, 0, 360, 2),
	(288, 0, 361, 2),
	(289, 0, 362, 2),
	(290, 0, 363, 2),
	(291, 0, 364, 2),
	(292, 0, 365, 2),
	(293, 0, 366, 2),
	(294, 0, 367, 2),
	(295, 0, 368, 2),
	(296, 0, 369, 2),
	(297, 0, 370, 2),
	(298, 0, 371, 2),
	(299, 0, 372, 2),
	(300, 0, 373, 2),
	(301, 0, 374, 2),
	(302, 0, 375, 2),
	(303, 0, 376, 2),
	(304, 0, 377, 2),
	(305, 0, 378, 2),
	(306, 0, 379, 2),
	(307, 0, 380, 2),
	(383, 0, 381, 3),
	(384, 0, 382, 3),
	(385, 0, 383, 3),
	(386, 0, 384, 3),
	(387, 0, 385, 3),
	(388, 0, 386, 3),
	(389, 0, 387, 3),
	(390, 0, 388, 3),
	(391, 0, 389, 3),
	(392, 0, 390, 3),
	(393, 0, 391, 3),
	(394, 0, 392, 3),
	(395, 0, 393, 3),
	(396, 0, 394, 3),
	(397, 0, 395, 3),
	(398, 0, 396, 3),
	(399, 0, 397, 3),
	(400, 0, 398, 3),
	(401, 0, 399, 3),
	(402, 0, 400, 3),
	(403, 0, 401, 3),
	(404, 0, 402, 3),
	(405, 0, 403, 3),
	(406, 0, 404, 3),
	(407, 0, 405, 3),
	(408, 0, 406, 3),
	(409, 0, 407, 3),
	(410, 0, 408, 3),
	(411, 0, 409, 3),
	(412, 0, 410, 3),
	(413, 0, 411, 3),
	(414, 0, 412, 3),
	(415, 0, 413, 3),
	(416, 0, 414, 3),
	(417, 0, 415, 3),
	(418, 0, 416, 3),
	(419, 0, 417, 3),
	(420, 0, 418, 3),
	(421, 0, 419, 3),
	(422, 0, 420, 3),
	(423, 0, 421, 3),
	(424, 0, 422, 3),
	(425, 0, 423, 3),
	(426, 0, 424, 3),
	(427, 0, 425, 3),
	(428, 0, 426, 3),
	(429, 0, 427, 3),
	(430, 0, 428, 3),
	(431, 0, 429, 3),
	(432, 0, 430, 3),
	(433, 0, 431, 3),
	(434, 0, 432, 3),
	(435, 0, 433, 3),
	(436, 0, 434, 3),
	(437, 0, 435, 3),
	(438, 0, 436, 3),
	(439, 0, 437, 3),
	(440, 0, 438, 3),
	(441, 0, 439, 3),
	(442, 0, 440, 3),
	(443, 0, 441, 3),
	(444, 0, 442, 3),
	(445, 0, 443, 3),
	(446, 0, 444, 3),
	(447, 0, 445, 3),
	(510, 0, 381, 4),
	(511, 0, 382, 4),
	(512, 0, 383, 4),
	(513, 0, 384, 4),
	(514, 0, 385, 4),
	(515, 0, 386, 4),
	(516, 0, 387, 4),
	(517, 0, 388, 4),
	(518, 0, 389, 4),
	(519, 0, 390, 4),
	(520, 0, 391, 4),
	(521, 0, 392, 4),
	(522, 0, 393, 4),
	(523, 0, 394, 4),
	(524, 0, 395, 4),
	(525, 0, 396, 4),
	(526, 0, 397, 4),
	(527, 0, 398, 4),
	(528, 0, 399, 4),
	(529, 0, 400, 4),
	(530, 0, 401, 4),
	(531, 0, 402, 4),
	(532, 0, 403, 4),
	(533, 0, 404, 4),
	(534, 0, 405, 4),
	(535, 0, 406, 4),
	(536, 0, 407, 4),
	(537, 0, 408, 4),
	(538, 0, 409, 4),
	(539, 0, 410, 4),
	(540, 0, 411, 4),
	(541, 0, 412, 4),
	(542, 0, 413, 4),
	(543, 0, 414, 4),
	(544, 0, 415, 4),
	(545, 0, 416, 4),
	(546, 0, 417, 4),
	(547, 0, 418, 4),
	(548, 0, 419, 4),
	(549, 0, 420, 4),
	(550, 0, 421, 4),
	(551, 0, 422, 4),
	(552, 0, 423, 4),
	(553, 0, 424, 4),
	(554, 0, 425, 4),
	(555, 0, 426, 4),
	(556, 0, 427, 4),
	(557, 0, 428, 4),
	(558, 0, 429, 4),
	(559, 0, 430, 4),
	(560, 0, 431, 4),
	(561, 0, 432, 4),
	(562, 0, 433, 4),
	(563, 0, 434, 4),
	(564, 0, 435, 4),
	(565, 0, 436, 4),
	(566, 0, 437, 4),
	(567, 0, 438, 4),
	(568, 0, 439, 4),
	(569, 0, 440, 4),
	(570, 0, 441, 4),
	(571, 0, 442, 4),
	(572, 0, 443, 4),
	(573, 0, 444, 4),
	(574, 0, 445, 4),
	(637, 0, 81, 5),
	(638, 0, 82, 5),
	(639, 0, 83, 5),
	(640, 0, 84, 5),
	(641, 0, 85, 5),
	(642, 0, 86, 5),
	(643, 0, 87, 5),
	(644, 1, 88, 5),
	(645, 1, 89, 5),
	(646, 1, 90, 5),
	(647, 0, 91, 5),
	(648, 0, 92, 5),
	(649, 0, 93, 5),
	(650, 0, 94, 5),
	(651, 0, 95, 5),
	(652, 0, 96, 5),
	(653, 0, 97, 5),
	(654, 0, 98, 5),
	(655, 0, 99, 5),
	(656, 0, 100, 5),
	(657, 0, 101, 5),
	(658, 0, 102, 5),
	(659, 0, 103, 5),
	(660, 0, 104, 5),
	(661, 0, 105, 5),
	(662, 0, 106, 5),
	(663, 0, 107, 5),
	(664, 0, 108, 5),
	(665, 0, 109, 5),
	(666, 0, 110, 5),
	(667, 0, 111, 5),
	(668, 0, 112, 5),
	(669, 0, 113, 5),
	(670, 0, 114, 5),
	(671, 0, 115, 5),
	(672, 0, 116, 5),
	(673, 0, 117, 5),
	(674, 0, 118, 5),
	(675, 0, 119, 5),
	(676, 0, 120, 5),
	(677, 0, 121, 5),
	(678, 0, 122, 5),
	(679, 0, 123, 5),
	(680, 0, 124, 5),
	(681, 0, 125, 5),
	(682, 0, 126, 5),
	(683, 0, 127, 5),
	(684, 0, 128, 5),
	(685, 0, 129, 5),
	(686, 0, 130, 5),
	(687, 0, 131, 5),
	(688, 0, 132, 5),
	(689, 0, 133, 5),
	(690, 0, 134, 5),
	(691, 0, 135, 5),
	(692, 0, 136, 5),
	(693, 0, 137, 5),
	(694, 0, 138, 5),
	(695, 0, 139, 5),
	(696, 0, 140, 5),
	(697, 0, 141, 5),
	(698, 0, 142, 5),
	(699, 0, 143, 5),
	(700, 0, 144, 5),
	(701, 0, 145, 5),
	(702, 0, 146, 5),
	(703, 0, 147, 5),
	(704, 0, 148, 5),
	(705, 0, 149, 5),
	(706, 0, 150, 5),
	(707, 0, 151, 5),
	(708, 0, 152, 5),
	(709, 0, 153, 5),
	(710, 0, 154, 5),
	(711, 0, 155, 5),
	(712, 0, 156, 5),
	(713, 0, 157, 5),
	(714, 0, 158, 5),
	(715, 0, 159, 5),
	(716, 0, 160, 5),
	(717, 0, 161, 5),
	(718, 0, 162, 5),
	(719, 0, 163, 5),
	(720, 0, 164, 5),
	(721, 0, 165, 5),
	(722, 0, 166, 5),
	(723, 0, 167, 5),
	(724, 0, 168, 5),
	(725, 0, 169, 5),
	(726, 0, 170, 5),
	(727, 0, 171, 5),
	(728, 0, 172, 5),
	(729, 0, 173, 5),
	(730, 0, 174, 5),
	(731, 0, 175, 5),
	(732, 0, 176, 5),
	(733, 0, 177, 5),
	(734, 0, 178, 5),
	(735, 0, 179, 5),
	(736, 0, 180, 5),
	(737, 0, 181, 5),
	(738, 0, 182, 5),
	(739, 0, 183, 5),
	(740, 0, 184, 5),
	(741, 0, 185, 5),
	(742, 0, 186, 5),
	(743, 0, 187, 5),
	(744, 0, 188, 5),
	(745, 0, 189, 5),
	(746, 0, 190, 5),
	(747, 0, 191, 5),
	(748, 0, 192, 5),
	(749, 0, 193, 5),
	(750, 0, 194, 5),
	(751, 0, 195, 5),
	(752, 0, 196, 5),
	(753, 0, 197, 5),
	(754, 0, 198, 5),
	(755, 0, 199, 5),
	(756, 0, 200, 5),
	(764, 0, 201, 6),
	(765, 0, 202, 6),
	(766, 0, 203, 6),
	(767, 0, 204, 6),
	(768, 0, 205, 6),
	(769, 0, 206, 6),
	(770, 0, 207, 6),
	(771, 0, 208, 6),
	(772, 0, 209, 6),
	(773, 0, 210, 6),
	(774, 0, 211, 6),
	(775, 0, 212, 6),
	(776, 0, 213, 6),
	(777, 0, 214, 6),
	(778, 0, 215, 6),
	(779, 0, 216, 6),
	(780, 0, 217, 6),
	(781, 0, 218, 6),
	(782, 0, 219, 6),
	(783, 0, 220, 6),
	(784, 0, 221, 6),
	(785, 0, 222, 6),
	(786, 0, 223, 6),
	(787, 0, 224, 6),
	(788, 0, 225, 6),
	(789, 0, 226, 6),
	(790, 0, 227, 6),
	(791, 0, 228, 6),
	(792, 0, 229, 6),
	(793, 0, 230, 6),
	(794, 0, 231, 6),
	(795, 0, 232, 6),
	(796, 0, 233, 6),
	(797, 0, 234, 6),
	(798, 0, 235, 6),
	(799, 0, 236, 6),
	(800, 0, 237, 6),
	(801, 0, 238, 6),
	(802, 0, 239, 6),
	(803, 0, 240, 6),
	(804, 0, 241, 6),
	(805, 0, 242, 6),
	(806, 0, 243, 6),
	(807, 0, 244, 6),
	(808, 0, 245, 6),
	(809, 0, 246, 6),
	(810, 0, 247, 6),
	(811, 0, 248, 6),
	(812, 0, 249, 6),
	(813, 0, 250, 6),
	(814, 0, 251, 6),
	(815, 0, 252, 6),
	(816, 0, 253, 6),
	(817, 0, 254, 6),
	(818, 0, 255, 6),
	(819, 0, 256, 6),
	(820, 0, 257, 6),
	(821, 0, 258, 6),
	(822, 0, 259, 6),
	(823, 0, 260, 6),
	(824, 0, 261, 6),
	(825, 0, 262, 6),
	(826, 0, 263, 6),
	(827, 0, 264, 6),
	(828, 0, 265, 6),
	(829, 0, 266, 6),
	(830, 0, 267, 6),
	(831, 0, 268, 6),
	(832, 0, 269, 6),
	(833, 0, 270, 6),
	(834, 0, 271, 6),
	(835, 0, 272, 6),
	(836, 0, 273, 6),
	(837, 0, 274, 6),
	(838, 0, 275, 6),
	(839, 0, 276, 6),
	(840, 0, 277, 6),
	(841, 0, 278, 6),
	(842, 0, 279, 6),
	(843, 0, 280, 6),
	(844, 0, 281, 6),
	(845, 0, 282, 6),
	(846, 0, 283, 6),
	(847, 0, 284, 6),
	(848, 0, 285, 6),
	(849, 0, 286, 6),
	(850, 0, 287, 6),
	(851, 0, 288, 6),
	(852, 0, 289, 6),
	(853, 0, 290, 6),
	(854, 0, 291, 6),
	(855, 0, 292, 6),
	(856, 0, 293, 6),
	(857, 0, 294, 6),
	(858, 0, 295, 6),
	(859, 0, 296, 6),
	(860, 0, 297, 6),
	(861, 0, 298, 6),
	(862, 0, 299, 6),
	(863, 0, 300, 6),
	(864, 0, 301, 6),
	(865, 0, 302, 6),
	(866, 0, 303, 6),
	(867, 0, 304, 6),
	(868, 0, 305, 6),
	(869, 0, 306, 6),
	(870, 0, 307, 6),
	(871, 0, 308, 6),
	(872, 0, 309, 6),
	(873, 0, 310, 6),
	(874, 0, 311, 6),
	(875, 0, 312, 6),
	(876, 0, 313, 6),
	(877, 0, 314, 6),
	(878, 0, 315, 6),
	(879, 0, 316, 6),
	(880, 0, 317, 6),
	(881, 0, 318, 6),
	(882, 0, 319, 6),
	(883, 0, 320, 6),
	(884, 0, 321, 6),
	(885, 0, 322, 6),
	(886, 0, 323, 6),
	(887, 0, 324, 6),
	(888, 0, 325, 6),
	(889, 0, 326, 6),
	(890, 0, 327, 6),
	(891, 0, 328, 6),
	(892, 0, 329, 6),
	(893, 0, 330, 6),
	(894, 0, 331, 6),
	(895, 0, 332, 6),
	(896, 0, 333, 6),
	(897, 0, 334, 6),
	(898, 0, 335, 6),
	(899, 0, 336, 6),
	(900, 0, 337, 6),
	(901, 0, 338, 6),
	(902, 0, 339, 6),
	(903, 0, 340, 6),
	(904, 0, 341, 6),
	(905, 0, 342, 6),
	(906, 0, 343, 6),
	(907, 0, 344, 6),
	(908, 0, 345, 6),
	(909, 0, 346, 6),
	(910, 0, 347, 6),
	(911, 0, 348, 6),
	(912, 0, 349, 6),
	(913, 0, 350, 6),
	(914, 0, 351, 6),
	(915, 0, 352, 6),
	(916, 0, 353, 6),
	(917, 0, 354, 6),
	(918, 0, 355, 6),
	(919, 0, 356, 6),
	(920, 0, 357, 6),
	(921, 0, 358, 6),
	(922, 0, 359, 6),
	(923, 0, 360, 6),
	(924, 0, 361, 6),
	(925, 0, 362, 6),
	(926, 0, 363, 6),
	(927, 0, 364, 6),
	(928, 0, 365, 6),
	(929, 0, 366, 6),
	(930, 0, 367, 6),
	(931, 0, 368, 6),
	(932, 0, 369, 6),
	(933, 0, 370, 6),
	(934, 0, 371, 6),
	(935, 0, 372, 6),
	(936, 0, 373, 6),
	(937, 0, 374, 6),
	(938, 0, 375, 6),
	(939, 0, 376, 6),
	(940, 0, 377, 6),
	(941, 0, 378, 6),
	(942, 0, 379, 6),
	(943, 0, 380, 6),
	(1019, 0, 81, 7),
	(1020, 0, 82, 7),
	(1021, 0, 83, 7),
	(1022, 0, 84, 7),
	(1023, 0, 85, 7),
	(1024, 0, 86, 7),
	(1025, 0, 87, 7),
	(1026, 0, 88, 7),
	(1027, 0, 89, 7),
	(1028, 0, 90, 7),
	(1029, 0, 91, 7),
	(1030, 0, 92, 7),
	(1031, 0, 93, 7),
	(1032, 0, 94, 7),
	(1033, 0, 95, 7),
	(1034, 0, 96, 7),
	(1035, 0, 97, 7),
	(1036, 0, 98, 7),
	(1037, 0, 99, 7),
	(1038, 0, 100, 7),
	(1039, 0, 101, 7),
	(1040, 0, 102, 7),
	(1041, 0, 103, 7),
	(1042, 0, 104, 7),
	(1043, 0, 105, 7),
	(1044, 0, 106, 7),
	(1045, 0, 107, 7),
	(1046, 0, 108, 7),
	(1047, 0, 109, 7),
	(1048, 0, 110, 7),
	(1049, 0, 111, 7),
	(1050, 0, 112, 7),
	(1051, 0, 113, 7),
	(1052, 0, 114, 7),
	(1053, 0, 115, 7),
	(1054, 0, 116, 7),
	(1055, 0, 117, 7),
	(1056, 0, 118, 7),
	(1057, 0, 119, 7),
	(1058, 0, 120, 7),
	(1059, 0, 121, 7),
	(1060, 0, 122, 7),
	(1061, 0, 123, 7),
	(1062, 0, 124, 7),
	(1063, 0, 125, 7),
	(1064, 0, 126, 7),
	(1065, 0, 127, 7),
	(1066, 0, 128, 7),
	(1067, 0, 129, 7),
	(1068, 0, 130, 7),
	(1069, 0, 131, 7),
	(1070, 0, 132, 7),
	(1071, 0, 133, 7),
	(1072, 0, 134, 7),
	(1073, 0, 135, 7),
	(1074, 0, 136, 7),
	(1075, 0, 137, 7),
	(1076, 0, 138, 7),
	(1077, 0, 139, 7),
	(1078, 0, 140, 7),
	(1079, 0, 141, 7),
	(1080, 0, 142, 7),
	(1081, 0, 143, 7),
	(1082, 0, 144, 7),
	(1083, 0, 145, 7),
	(1084, 0, 146, 7),
	(1085, 0, 147, 7),
	(1086, 0, 148, 7),
	(1087, 0, 149, 7),
	(1088, 0, 150, 7),
	(1089, 0, 151, 7),
	(1090, 0, 152, 7),
	(1091, 0, 153, 7),
	(1092, 0, 154, 7),
	(1093, 0, 155, 7),
	(1094, 0, 156, 7),
	(1095, 0, 157, 7),
	(1096, 0, 158, 7),
	(1097, 0, 159, 7),
	(1098, 0, 160, 7),
	(1099, 0, 161, 7),
	(1100, 0, 162, 7),
	(1101, 0, 163, 7),
	(1102, 0, 164, 7),
	(1103, 0, 165, 7),
	(1104, 0, 166, 7),
	(1105, 0, 167, 7),
	(1106, 0, 168, 7),
	(1107, 0, 169, 7),
	(1108, 0, 170, 7),
	(1109, 0, 171, 7),
	(1110, 0, 172, 7),
	(1111, 0, 173, 7),
	(1112, 0, 174, 7),
	(1113, 0, 175, 7),
	(1114, 0, 176, 7),
	(1115, 0, 177, 7),
	(1116, 0, 178, 7),
	(1117, 0, 179, 7),
	(1118, 0, 180, 7),
	(1119, 0, 181, 7),
	(1120, 0, 182, 7),
	(1121, 0, 183, 7),
	(1122, 0, 184, 7),
	(1123, 0, 185, 7),
	(1124, 0, 186, 7),
	(1125, 0, 187, 7),
	(1126, 0, 188, 7),
	(1127, 0, 189, 7),
	(1128, 0, 190, 7),
	(1129, 0, 191, 7),
	(1130, 0, 192, 7),
	(1131, 0, 193, 7),
	(1132, 0, 194, 7),
	(1133, 0, 195, 7),
	(1134, 0, 196, 7),
	(1135, 0, 197, 7),
	(1136, 0, 198, 7),
	(1137, 0, 199, 7),
	(1138, 0, 200, 7),
	(1146, 0, 1, 8),
	(1147, 0, 2, 8),
	(1148, 0, 3, 8),
	(1149, 0, 4, 8),
	(1150, 0, 5, 8),
	(1151, 0, 6, 8),
	(1152, 0, 7, 8),
	(1153, 0, 8, 8),
	(1154, 0, 9, 8),
	(1155, 0, 10, 8),
	(1156, 0, 11, 8),
	(1157, 0, 12, 8),
	(1158, 0, 13, 8),
	(1159, 0, 14, 8),
	(1160, 0, 15, 8),
	(1161, 0, 16, 8),
	(1162, 0, 17, 8),
	(1163, 0, 18, 8),
	(1164, 0, 19, 8),
	(1165, 0, 20, 8),
	(1166, 0, 21, 8),
	(1167, 0, 22, 8),
	(1168, 0, 23, 8),
	(1169, 0, 24, 8),
	(1170, 0, 25, 8),
	(1171, 0, 26, 8),
	(1172, 0, 27, 8),
	(1173, 0, 28, 8),
	(1174, 0, 29, 8),
	(1175, 0, 30, 8),
	(1176, 0, 31, 8),
	(1177, 0, 32, 8),
	(1178, 0, 33, 8),
	(1179, 0, 34, 8),
	(1180, 0, 35, 8),
	(1181, 0, 36, 8),
	(1182, 0, 37, 8),
	(1183, 0, 38, 8),
	(1184, 0, 39, 8),
	(1185, 0, 40, 8),
	(1186, 0, 41, 8),
	(1187, 0, 42, 8),
	(1188, 0, 43, 8),
	(1189, 0, 44, 8),
	(1190, 0, 45, 8),
	(1191, 0, 46, 8),
	(1192, 0, 47, 8),
	(1193, 0, 48, 8),
	(1194, 0, 49, 8),
	(1195, 0, 50, 8),
	(1196, 0, 51, 8),
	(1197, 0, 52, 8),
	(1198, 0, 53, 8),
	(1199, 0, 54, 8),
	(1200, 0, 55, 8),
	(1201, 0, 56, 8),
	(1202, 0, 57, 8),
	(1203, 0, 58, 8),
	(1204, 0, 59, 8),
	(1205, 0, 60, 8),
	(1206, 0, 61, 8),
	(1207, 0, 62, 8),
	(1208, 0, 63, 8),
	(1209, 0, 64, 8),
	(1210, 0, 65, 8),
	(1211, 0, 66, 8),
	(1212, 0, 67, 8),
	(1213, 0, 68, 8),
	(1214, 0, 69, 8),
	(1215, 0, 70, 8),
	(1216, 0, 71, 8),
	(1217, 0, 72, 8),
	(1218, 0, 73, 8),
	(1219, 0, 74, 8),
	(1220, 0, 75, 8),
	(1221, 0, 76, 8),
	(1222, 0, 77, 8),
	(1223, 0, 78, 8),
	(1224, 0, 79, 8),
	(1225, 0, 80, 8),
	(1273, 0, 381, 9),
	(1274, 0, 382, 9),
	(1275, 0, 383, 9),
	(1276, 0, 384, 9),
	(1277, 0, 385, 9),
	(1278, 0, 386, 9),
	(1279, 0, 387, 9),
	(1280, 0, 388, 9),
	(1281, 0, 389, 9),
	(1282, 0, 390, 9),
	(1283, 0, 391, 9),
	(1284, 0, 392, 9),
	(1285, 0, 393, 9),
	(1286, 0, 394, 9),
	(1287, 0, 395, 9),
	(1288, 0, 396, 9),
	(1289, 0, 397, 9),
	(1290, 0, 398, 9),
	(1291, 0, 399, 9),
	(1292, 0, 400, 9),
	(1293, 0, 401, 9),
	(1294, 0, 402, 9),
	(1295, 0, 403, 9),
	(1296, 0, 404, 9),
	(1297, 0, 405, 9),
	(1298, 0, 406, 9),
	(1299, 0, 407, 9),
	(1300, 0, 408, 9),
	(1301, 0, 409, 9),
	(1302, 0, 410, 9),
	(1303, 0, 411, 9),
	(1304, 0, 412, 9),
	(1305, 0, 413, 9),
	(1306, 0, 414, 9),
	(1307, 0, 415, 9),
	(1308, 0, 416, 9),
	(1309, 0, 417, 9),
	(1310, 0, 418, 9),
	(1311, 0, 419, 9),
	(1312, 0, 420, 9),
	(1313, 0, 421, 9),
	(1314, 0, 422, 9),
	(1315, 0, 423, 9),
	(1316, 0, 424, 9),
	(1317, 0, 425, 9),
	(1318, 0, 426, 9),
	(1319, 0, 427, 9),
	(1320, 0, 428, 9),
	(1321, 0, 429, 9),
	(1322, 0, 430, 9),
	(1323, 0, 431, 9),
	(1324, 0, 432, 9),
	(1325, 0, 433, 9),
	(1326, 0, 434, 9),
	(1327, 0, 435, 9),
	(1328, 0, 436, 9),
	(1329, 0, 437, 9),
	(1330, 0, 438, 9),
	(1331, 0, 439, 9),
	(1332, 0, 440, 9),
	(1333, 0, 441, 9),
	(1334, 0, 442, 9),
	(1335, 0, 443, 9),
	(1336, 0, 444, 9),
	(1337, 0, 445, 9),
	(1400, 0, 381, 10),
	(1401, 0, 382, 10),
	(1402, 0, 383, 10),
	(1403, 0, 384, 10),
	(1404, 1, 385, 10),
	(1405, 1, 386, 10),
	(1406, 1, 387, 10),
	(1407, 0, 388, 10),
	(1408, 0, 389, 10),
	(1409, 0, 390, 10),
	(1410, 0, 391, 10),
	(1411, 0, 392, 10),
	(1412, 0, 393, 10),
	(1413, 0, 394, 10),
	(1414, 0, 395, 10),
	(1415, 0, 396, 10),
	(1416, 0, 397, 10),
	(1417, 0, 398, 10),
	(1418, 0, 399, 10),
	(1419, 0, 400, 10),
	(1420, 0, 401, 10),
	(1421, 0, 402, 10),
	(1422, 0, 403, 10),
	(1423, 0, 404, 10),
	(1424, 0, 405, 10),
	(1425, 0, 406, 10),
	(1426, 0, 407, 10),
	(1427, 0, 408, 10),
	(1428, 0, 409, 10),
	(1429, 0, 410, 10),
	(1430, 0, 411, 10),
	(1431, 0, 412, 10),
	(1432, 0, 413, 10),
	(1433, 0, 414, 10),
	(1434, 0, 415, 10),
	(1435, 0, 416, 10),
	(1436, 0, 417, 10),
	(1437, 0, 418, 10),
	(1438, 0, 419, 10),
	(1439, 0, 420, 10),
	(1440, 0, 421, 10),
	(1441, 0, 422, 10),
	(1442, 0, 423, 10),
	(1443, 0, 424, 10),
	(1444, 0, 425, 10),
	(1445, 0, 426, 10),
	(1446, 0, 427, 10),
	(1447, 0, 428, 10),
	(1448, 0, 429, 10),
	(1449, 0, 430, 10),
	(1450, 0, 431, 10),
	(1451, 0, 432, 10),
	(1452, 0, 433, 10),
	(1453, 0, 434, 10),
	(1454, 0, 435, 10),
	(1455, 0, 436, 10),
	(1456, 0, 437, 10),
	(1457, 0, 438, 10),
	(1458, 0, 439, 10),
	(1459, 0, 440, 10),
	(1460, 0, 441, 10),
	(1461, 0, 442, 10),
	(1462, 0, 443, 10),
	(1463, 0, 444, 10),
	(1464, 0, 445, 10),
	(1527, 0, 201, 11),
	(1528, 0, 202, 11),
	(1529, 0, 203, 11),
	(1530, 0, 204, 11),
	(1531, 0, 205, 11),
	(1532, 0, 206, 11),
	(1533, 0, 207, 11),
	(1534, 0, 208, 11),
	(1535, 0, 209, 11),
	(1536, 0, 210, 11),
	(1537, 0, 211, 11),
	(1538, 0, 212, 11),
	(1539, 0, 213, 11),
	(1540, 0, 214, 11),
	(1541, 0, 215, 11),
	(1542, 0, 216, 11),
	(1543, 0, 217, 11),
	(1544, 0, 218, 11),
	(1545, 0, 219, 11),
	(1546, 0, 220, 11),
	(1547, 0, 221, 11),
	(1548, 0, 222, 11),
	(1549, 0, 223, 11),
	(1550, 0, 224, 11),
	(1551, 0, 225, 11),
	(1552, 0, 226, 11),
	(1553, 0, 227, 11),
	(1554, 0, 228, 11),
	(1555, 0, 229, 11),
	(1556, 0, 230, 11),
	(1557, 0, 231, 11),
	(1558, 0, 232, 11),
	(1559, 0, 233, 11),
	(1560, 0, 234, 11),
	(1561, 0, 235, 11),
	(1562, 0, 236, 11),
	(1563, 0, 237, 11),
	(1564, 0, 238, 11),
	(1565, 0, 239, 11),
	(1566, 0, 240, 11),
	(1567, 0, 241, 11),
	(1568, 0, 242, 11),
	(1569, 0, 243, 11),
	(1570, 0, 244, 11),
	(1571, 0, 245, 11),
	(1572, 0, 246, 11),
	(1573, 0, 247, 11),
	(1574, 0, 248, 11),
	(1575, 0, 249, 11),
	(1576, 0, 250, 11),
	(1577, 0, 251, 11),
	(1578, 0, 252, 11),
	(1579, 0, 253, 11),
	(1580, 0, 254, 11),
	(1581, 0, 255, 11),
	(1582, 0, 256, 11),
	(1583, 0, 257, 11),
	(1584, 0, 258, 11),
	(1585, 0, 259, 11),
	(1586, 0, 260, 11),
	(1587, 0, 261, 11),
	(1588, 0, 262, 11),
	(1589, 0, 263, 11),
	(1590, 0, 264, 11),
	(1591, 0, 265, 11),
	(1592, 0, 266, 11),
	(1593, 0, 267, 11),
	(1594, 0, 268, 11),
	(1595, 0, 269, 11),
	(1596, 0, 270, 11),
	(1597, 0, 271, 11),
	(1598, 0, 272, 11),
	(1599, 0, 273, 11),
	(1600, 0, 274, 11),
	(1601, 0, 275, 11),
	(1602, 0, 276, 11),
	(1603, 0, 277, 11),
	(1604, 0, 278, 11),
	(1605, 0, 279, 11),
	(1606, 0, 280, 11),
	(1607, 0, 281, 11),
	(1608, 0, 282, 11),
	(1609, 0, 283, 11),
	(1610, 0, 284, 11),
	(1611, 0, 285, 11),
	(1612, 0, 286, 11),
	(1613, 0, 287, 11),
	(1614, 0, 288, 11),
	(1615, 0, 289, 11),
	(1616, 0, 290, 11),
	(1617, 0, 291, 11),
	(1618, 0, 292, 11),
	(1619, 0, 293, 11),
	(1620, 0, 294, 11),
	(1621, 0, 295, 11),
	(1622, 0, 296, 11),
	(1623, 0, 297, 11),
	(1624, 0, 298, 11),
	(1625, 0, 299, 11),
	(1626, 0, 300, 11),
	(1627, 0, 301, 11),
	(1628, 0, 302, 11),
	(1629, 0, 303, 11),
	(1630, 0, 304, 11),
	(1631, 0, 305, 11),
	(1632, 0, 306, 11),
	(1633, 0, 307, 11),
	(1634, 0, 308, 11),
	(1635, 0, 309, 11),
	(1636, 0, 310, 11),
	(1637, 0, 311, 11),
	(1638, 0, 312, 11),
	(1639, 0, 313, 11),
	(1640, 0, 314, 11),
	(1641, 0, 315, 11),
	(1642, 0, 316, 11),
	(1643, 0, 317, 11),
	(1644, 0, 318, 11),
	(1645, 0, 319, 11),
	(1646, 0, 320, 11),
	(1647, 0, 321, 11),
	(1648, 0, 322, 11),
	(1649, 0, 323, 11),
	(1650, 0, 324, 11),
	(1651, 0, 325, 11),
	(1652, 0, 326, 11),
	(1653, 0, 327, 11),
	(1654, 0, 328, 11),
	(1655, 0, 329, 11),
	(1656, 0, 330, 11),
	(1657, 0, 331, 11),
	(1658, 0, 332, 11),
	(1659, 0, 333, 11),
	(1660, 0, 334, 11),
	(1661, 0, 335, 11),
	(1662, 0, 336, 11),
	(1663, 0, 337, 11),
	(1664, 0, 338, 11),
	(1665, 0, 339, 11),
	(1666, 0, 340, 11),
	(1667, 0, 341, 11),
	(1668, 0, 342, 11),
	(1669, 0, 343, 11),
	(1670, 0, 344, 11),
	(1671, 0, 345, 11),
	(1672, 0, 346, 11),
	(1673, 0, 347, 11),
	(1674, 0, 348, 11),
	(1675, 0, 349, 11),
	(1676, 0, 350, 11),
	(1677, 0, 351, 11),
	(1678, 0, 352, 11),
	(1679, 0, 353, 11),
	(1680, 0, 354, 11),
	(1681, 0, 355, 11),
	(1682, 0, 356, 11),
	(1683, 0, 357, 11),
	(1684, 0, 358, 11),
	(1685, 0, 359, 11),
	(1686, 0, 360, 11),
	(1687, 0, 361, 11),
	(1688, 0, 362, 11),
	(1689, 0, 363, 11),
	(1690, 0, 364, 11),
	(1691, 0, 365, 11),
	(1692, 0, 366, 11),
	(1693, 0, 367, 11),
	(1694, 0, 368, 11),
	(1695, 0, 369, 11),
	(1696, 0, 370, 11),
	(1697, 0, 371, 11),
	(1698, 0, 372, 11),
	(1699, 0, 373, 11),
	(1700, 0, 374, 11),
	(1701, 0, 375, 11),
	(1702, 0, 376, 11),
	(1703, 0, 377, 11),
	(1704, 0, 378, 11),
	(1705, 0, 379, 11),
	(1706, 0, 380, 11),
	(1782, 0, 381, 12),
	(1783, 0, 382, 12),
	(1784, 0, 383, 12),
	(1785, 0, 384, 12),
	(1786, 0, 385, 12),
	(1787, 0, 386, 12),
	(1788, 0, 387, 12),
	(1789, 0, 388, 12),
	(1790, 0, 389, 12),
	(1791, 0, 390, 12),
	(1792, 0, 391, 12),
	(1793, 0, 392, 12),
	(1794, 0, 393, 12),
	(1795, 0, 394, 12),
	(1796, 0, 395, 12),
	(1797, 0, 396, 12),
	(1798, 0, 397, 12),
	(1799, 0, 398, 12),
	(1800, 0, 399, 12),
	(1801, 0, 400, 12),
	(1802, 0, 401, 12),
	(1803, 0, 402, 12),
	(1804, 0, 403, 12),
	(1805, 0, 404, 12),
	(1806, 0, 405, 12),
	(1807, 0, 406, 12),
	(1808, 0, 407, 12),
	(1809, 0, 408, 12),
	(1810, 0, 409, 12),
	(1811, 0, 410, 12),
	(1812, 0, 411, 12),
	(1813, 0, 412, 12),
	(1814, 0, 413, 12),
	(1815, 0, 414, 12),
	(1816, 0, 415, 12),
	(1817, 0, 416, 12),
	(1818, 0, 417, 12),
	(1819, 0, 418, 12),
	(1820, 0, 419, 12),
	(1821, 0, 420, 12),
	(1822, 0, 421, 12),
	(1823, 0, 422, 12),
	(1824, 0, 423, 12),
	(1825, 0, 424, 12),
	(1826, 0, 425, 12),
	(1827, 0, 426, 12),
	(1828, 0, 427, 12),
	(1829, 0, 428, 12),
	(1830, 0, 429, 12),
	(1831, 0, 430, 12),
	(1832, 0, 431, 12),
	(1833, 0, 432, 12),
	(1834, 0, 433, 12),
	(1835, 0, 434, 12),
	(1836, 0, 435, 12),
	(1837, 0, 436, 12),
	(1838, 0, 437, 12),
	(1839, 0, 438, 12),
	(1840, 0, 439, 12),
	(1841, 0, 440, 12),
	(1842, 0, 441, 12),
	(1843, 0, 442, 12),
	(1844, 0, 443, 12),
	(1845, 0, 444, 12),
	(1846, 0, 445, 12),
	(1909, 0, 201, 13),
	(1910, 0, 202, 13),
	(1911, 0, 203, 13),
	(1912, 0, 204, 13),
	(1913, 0, 205, 13),
	(1914, 0, 206, 13),
	(1915, 0, 207, 13),
	(1916, 0, 208, 13),
	(1917, 0, 209, 13),
	(1918, 0, 210, 13),
	(1919, 0, 211, 13),
	(1920, 0, 212, 13),
	(1921, 0, 213, 13),
	(1922, 0, 214, 13),
	(1923, 0, 215, 13),
	(1924, 0, 216, 13),
	(1925, 0, 217, 13),
	(1926, 0, 218, 13),
	(1927, 0, 219, 13),
	(1928, 0, 220, 13),
	(1929, 0, 221, 13),
	(1930, 0, 222, 13),
	(1931, 0, 223, 13),
	(1932, 0, 224, 13),
	(1933, 0, 225, 13),
	(1934, 0, 226, 13),
	(1935, 0, 227, 13),
	(1936, 0, 228, 13),
	(1937, 0, 229, 13),
	(1938, 0, 230, 13),
	(1939, 0, 231, 13),
	(1940, 0, 232, 13),
	(1941, 0, 233, 13),
	(1942, 0, 234, 13),
	(1943, 0, 235, 13),
	(1944, 0, 236, 13),
	(1945, 0, 237, 13),
	(1946, 0, 238, 13),
	(1947, 0, 239, 13),
	(1948, 0, 240, 13),
	(1949, 0, 241, 13),
	(1950, 0, 242, 13),
	(1951, 0, 243, 13),
	(1952, 0, 244, 13),
	(1953, 0, 245, 13),
	(1954, 0, 246, 13),
	(1955, 0, 247, 13),
	(1956, 0, 248, 13),
	(1957, 0, 249, 13),
	(1958, 0, 250, 13),
	(1959, 0, 251, 13),
	(1960, 0, 252, 13),
	(1961, 0, 253, 13),
	(1962, 0, 254, 13),
	(1963, 0, 255, 13),
	(1964, 0, 256, 13),
	(1965, 0, 257, 13),
	(1966, 0, 258, 13),
	(1967, 0, 259, 13),
	(1968, 0, 260, 13),
	(1969, 0, 261, 13),
	(1970, 0, 262, 13),
	(1971, 0, 263, 13),
	(1972, 0, 264, 13),
	(1973, 0, 265, 13),
	(1974, 0, 266, 13),
	(1975, 0, 267, 13),
	(1976, 0, 268, 13),
	(1977, 0, 269, 13),
	(1978, 0, 270, 13),
	(1979, 0, 271, 13),
	(1980, 0, 272, 13),
	(1981, 0, 273, 13),
	(1982, 0, 274, 13),
	(1983, 0, 275, 13),
	(1984, 0, 276, 13),
	(1985, 0, 277, 13),
	(1986, 0, 278, 13),
	(1987, 0, 279, 13),
	(1988, 0, 280, 13),
	(1989, 0, 281, 13),
	(1990, 0, 282, 13),
	(1991, 0, 283, 13),
	(1992, 0, 284, 13),
	(1993, 0, 285, 13),
	(1994, 0, 286, 13),
	(1995, 0, 287, 13),
	(1996, 0, 288, 13),
	(1997, 0, 289, 13),
	(1998, 0, 290, 13),
	(1999, 0, 291, 13),
	(2000, 0, 292, 13),
	(2001, 0, 293, 13),
	(2002, 0, 294, 13),
	(2003, 0, 295, 13),
	(2004, 0, 296, 13),
	(2005, 0, 297, 13),
	(2006, 0, 298, 13),
	(2007, 0, 299, 13),
	(2008, 0, 300, 13),
	(2009, 0, 301, 13),
	(2010, 0, 302, 13),
	(2011, 0, 303, 13),
	(2012, 0, 304, 13),
	(2013, 0, 305, 13),
	(2014, 0, 306, 13),
	(2015, 0, 307, 13),
	(2016, 0, 308, 13),
	(2017, 0, 309, 13),
	(2018, 0, 310, 13),
	(2019, 0, 311, 13),
	(2020, 0, 312, 13),
	(2021, 0, 313, 13),
	(2022, 0, 314, 13),
	(2023, 0, 315, 13),
	(2024, 0, 316, 13),
	(2025, 0, 317, 13),
	(2026, 0, 318, 13),
	(2027, 0, 319, 13),
	(2028, 0, 320, 13),
	(2029, 0, 321, 13),
	(2030, 0, 322, 13),
	(2031, 0, 323, 13),
	(2032, 0, 324, 13),
	(2033, 0, 325, 13),
	(2034, 0, 326, 13),
	(2035, 0, 327, 13),
	(2036, 0, 328, 13),
	(2037, 0, 329, 13),
	(2038, 0, 330, 13),
	(2039, 0, 331, 13),
	(2040, 0, 332, 13),
	(2041, 0, 333, 13),
	(2042, 0, 334, 13),
	(2043, 0, 335, 13),
	(2044, 0, 336, 13),
	(2045, 0, 337, 13),
	(2046, 0, 338, 13),
	(2047, 0, 339, 13),
	(2048, 0, 340, 13),
	(2049, 0, 341, 13),
	(2050, 0, 342, 13),
	(2051, 0, 343, 13),
	(2052, 0, 344, 13),
	(2053, 0, 345, 13),
	(2054, 0, 346, 13),
	(2055, 0, 347, 13),
	(2056, 0, 348, 13),
	(2057, 0, 349, 13),
	(2058, 0, 350, 13),
	(2059, 0, 351, 13),
	(2060, 0, 352, 13),
	(2061, 0, 353, 13),
	(2062, 0, 354, 13),
	(2063, 0, 355, 13),
	(2064, 0, 356, 13),
	(2065, 0, 357, 13),
	(2066, 0, 358, 13),
	(2067, 0, 359, 13),
	(2068, 0, 360, 13),
	(2069, 0, 361, 13),
	(2070, 0, 362, 13),
	(2071, 0, 363, 13),
	(2072, 0, 364, 13),
	(2073, 0, 365, 13),
	(2074, 0, 366, 13),
	(2075, 0, 367, 13),
	(2076, 0, 368, 13),
	(2077, 0, 369, 13),
	(2078, 0, 370, 13),
	(2079, 0, 371, 13),
	(2080, 0, 372, 13),
	(2081, 0, 373, 13),
	(2082, 0, 374, 13),
	(2083, 0, 375, 13),
	(2084, 0, 376, 13),
	(2085, 0, 377, 13),
	(2086, 0, 378, 13),
	(2087, 0, 379, 13),
	(2088, 0, 380, 13),
	(2164, 0, 81, 14),
	(2165, 0, 82, 14),
	(2166, 0, 83, 14),
	(2167, 0, 84, 14),
	(2168, 0, 85, 14),
	(2169, 0, 86, 14),
	(2170, 0, 87, 14),
	(2171, 0, 88, 14),
	(2172, 0, 89, 14),
	(2173, 0, 90, 14),
	(2174, 0, 91, 14),
	(2175, 0, 92, 14),
	(2176, 0, 93, 14),
	(2177, 0, 94, 14),
	(2178, 0, 95, 14),
	(2179, 0, 96, 14),
	(2180, 0, 97, 14),
	(2181, 0, 98, 14),
	(2182, 0, 99, 14),
	(2183, 0, 100, 14),
	(2184, 0, 101, 14),
	(2185, 0, 102, 14),
	(2186, 0, 103, 14),
	(2187, 0, 104, 14),
	(2188, 0, 105, 14),
	(2189, 0, 106, 14),
	(2190, 0, 107, 14),
	(2191, 0, 108, 14),
	(2192, 0, 109, 14),
	(2193, 0, 110, 14),
	(2194, 0, 111, 14),
	(2195, 0, 112, 14),
	(2196, 0, 113, 14),
	(2197, 0, 114, 14),
	(2198, 0, 115, 14),
	(2199, 0, 116, 14),
	(2200, 0, 117, 14),
	(2201, 0, 118, 14),
	(2202, 0, 119, 14),
	(2203, 0, 120, 14),
	(2204, 0, 121, 14),
	(2205, 0, 122, 14),
	(2206, 0, 123, 14),
	(2207, 0, 124, 14),
	(2208, 0, 125, 14),
	(2209, 0, 126, 14),
	(2210, 0, 127, 14),
	(2211, 0, 128, 14),
	(2212, 0, 129, 14),
	(2213, 0, 130, 14),
	(2214, 0, 131, 14),
	(2215, 0, 132, 14),
	(2216, 0, 133, 14),
	(2217, 0, 134, 14),
	(2218, 0, 135, 14),
	(2219, 0, 136, 14),
	(2220, 0, 137, 14),
	(2221, 0, 138, 14),
	(2222, 0, 139, 14),
	(2223, 0, 140, 14),
	(2224, 0, 141, 14),
	(2225, 0, 142, 14),
	(2226, 0, 143, 14),
	(2227, 0, 144, 14),
	(2228, 0, 145, 14),
	(2229, 0, 146, 14),
	(2230, 0, 147, 14),
	(2231, 0, 148, 14),
	(2232, 0, 149, 14),
	(2233, 0, 150, 14),
	(2234, 0, 151, 14),
	(2235, 0, 152, 14),
	(2236, 0, 153, 14),
	(2237, 0, 154, 14),
	(2238, 0, 155, 14),
	(2239, 0, 156, 14),
	(2240, 0, 157, 14),
	(2241, 0, 158, 14),
	(2242, 0, 159, 14),
	(2243, 0, 160, 14),
	(2244, 0, 161, 14),
	(2245, 0, 162, 14),
	(2246, 0, 163, 14),
	(2247, 0, 164, 14),
	(2248, 0, 165, 14),
	(2249, 0, 166, 14),
	(2250, 0, 167, 14),
	(2251, 0, 168, 14),
	(2252, 0, 169, 14),
	(2253, 0, 170, 14),
	(2254, 0, 171, 14),
	(2255, 0, 172, 14),
	(2256, 0, 173, 14),
	(2257, 0, 174, 14),
	(2258, 0, 175, 14),
	(2259, 0, 176, 14),
	(2260, 0, 177, 14),
	(2261, 0, 178, 14),
	(2262, 0, 179, 14),
	(2263, 0, 180, 14),
	(2264, 0, 181, 14),
	(2265, 0, 182, 14),
	(2266, 0, 183, 14),
	(2267, 0, 184, 14),
	(2268, 0, 185, 14),
	(2269, 0, 186, 14),
	(2270, 0, 187, 14),
	(2271, 0, 188, 14),
	(2272, 0, 189, 14),
	(2273, 0, 190, 14),
	(2274, 0, 191, 14),
	(2275, 0, 192, 14),
	(2276, 0, 193, 14),
	(2277, 0, 194, 14),
	(2278, 0, 195, 14),
	(2279, 0, 196, 14),
	(2280, 0, 197, 14),
	(2281, 0, 198, 14),
	(2282, 0, 199, 14),
	(2283, 0, 200, 14),
	(2284, 0, 201, 15),
	(2285, 0, 202, 15),
	(2286, 0, 203, 15),
	(2287, 0, 204, 15),
	(2288, 0, 205, 15),
	(2289, 0, 206, 15),
	(2290, 0, 207, 15),
	(2291, 0, 208, 15),
	(2292, 0, 209, 15),
	(2293, 0, 210, 15),
	(2294, 0, 211, 15),
	(2295, 0, 212, 15),
	(2296, 0, 213, 15),
	(2297, 0, 214, 15),
	(2298, 0, 215, 15),
	(2299, 0, 216, 15),
	(2300, 0, 217, 15),
	(2301, 0, 218, 15),
	(2302, 0, 219, 15),
	(2303, 0, 220, 15),
	(2304, 0, 221, 15),
	(2305, 0, 222, 15),
	(2306, 0, 223, 15),
	(2307, 0, 224, 15),
	(2308, 0, 225, 15),
	(2309, 0, 226, 15),
	(2310, 0, 227, 15),
	(2311, 0, 228, 15),
	(2312, 0, 229, 15),
	(2313, 0, 230, 15),
	(2314, 0, 231, 15),
	(2315, 0, 232, 15),
	(2316, 0, 233, 15),
	(2317, 0, 234, 15),
	(2318, 0, 235, 15),
	(2319, 0, 236, 15),
	(2320, 0, 237, 15),
	(2321, 0, 238, 15),
	(2322, 0, 239, 15),
	(2323, 0, 240, 15),
	(2324, 0, 241, 15),
	(2325, 0, 242, 15),
	(2326, 0, 243, 15),
	(2327, 0, 244, 15),
	(2328, 0, 245, 15),
	(2329, 0, 246, 15),
	(2330, 0, 247, 15),
	(2331, 0, 248, 15),
	(2332, 0, 249, 15),
	(2333, 0, 250, 15),
	(2334, 0, 251, 15),
	(2335, 0, 252, 15),
	(2336, 0, 253, 15),
	(2337, 0, 254, 15),
	(2338, 0, 255, 15),
	(2339, 0, 256, 15),
	(2340, 0, 257, 15),
	(2341, 0, 258, 15),
	(2342, 0, 259, 15),
	(2343, 0, 260, 15),
	(2344, 0, 261, 15),
	(2345, 0, 262, 15),
	(2346, 0, 263, 15),
	(2347, 0, 264, 15),
	(2348, 0, 265, 15),
	(2349, 0, 266, 15),
	(2350, 0, 267, 15),
	(2351, 0, 268, 15),
	(2352, 0, 269, 15),
	(2353, 0, 270, 15),
	(2354, 0, 271, 15),
	(2355, 0, 272, 15),
	(2356, 0, 273, 15),
	(2357, 0, 274, 15),
	(2358, 0, 275, 15),
	(2359, 0, 276, 15),
	(2360, 0, 277, 15),
	(2361, 0, 278, 15),
	(2362, 0, 279, 15),
	(2363, 0, 280, 15),
	(2364, 0, 281, 15),
	(2365, 0, 282, 15),
	(2366, 0, 283, 15),
	(2367, 0, 284, 15),
	(2368, 0, 285, 15),
	(2369, 0, 286, 15),
	(2370, 0, 287, 15),
	(2371, 0, 288, 15),
	(2372, 0, 289, 15),
	(2373, 0, 290, 15),
	(2374, 0, 291, 15),
	(2375, 0, 292, 15),
	(2376, 0, 293, 15),
	(2377, 0, 294, 15),
	(2378, 0, 295, 15),
	(2379, 0, 296, 15),
	(2380, 0, 297, 15),
	(2381, 0, 298, 15),
	(2382, 0, 299, 15),
	(2383, 0, 300, 15),
	(2384, 0, 301, 15),
	(2385, 0, 302, 15),
	(2386, 0, 303, 15),
	(2387, 0, 304, 15),
	(2388, 0, 305, 15),
	(2389, 0, 306, 15),
	(2390, 0, 307, 15),
	(2391, 0, 308, 15),
	(2392, 0, 309, 15),
	(2393, 0, 310, 15),
	(2394, 0, 311, 15),
	(2395, 0, 312, 15),
	(2396, 0, 313, 15),
	(2397, 0, 314, 15),
	(2398, 0, 315, 15),
	(2399, 0, 316, 15),
	(2400, 0, 317, 15),
	(2401, 0, 318, 15),
	(2402, 0, 319, 15),
	(2403, 0, 320, 15),
	(2404, 0, 321, 15),
	(2405, 0, 322, 15),
	(2406, 0, 323, 15),
	(2407, 0, 324, 15),
	(2408, 0, 325, 15),
	(2409, 0, 326, 15),
	(2410, 0, 327, 15),
	(2411, 0, 328, 15),
	(2412, 0, 329, 15),
	(2413, 0, 330, 15),
	(2414, 0, 331, 15),
	(2415, 0, 332, 15),
	(2416, 0, 333, 15),
	(2417, 0, 334, 15),
	(2418, 0, 335, 15),
	(2419, 0, 336, 15),
	(2420, 0, 337, 15),
	(2421, 0, 338, 15),
	(2422, 0, 339, 15),
	(2423, 0, 340, 15),
	(2424, 0, 341, 15),
	(2425, 0, 342, 15),
	(2426, 0, 343, 15),
	(2427, 0, 344, 15),
	(2428, 0, 345, 15),
	(2429, 0, 346, 15),
	(2430, 0, 347, 15),
	(2431, 0, 348, 15),
	(2432, 0, 349, 15),
	(2433, 0, 350, 15),
	(2434, 0, 351, 15),
	(2435, 0, 352, 15),
	(2436, 0, 353, 15),
	(2437, 0, 354, 15),
	(2438, 0, 355, 15),
	(2439, 0, 356, 15),
	(2440, 0, 357, 15),
	(2441, 0, 358, 15),
	(2442, 0, 359, 15),
	(2443, 0, 360, 15),
	(2444, 0, 361, 15),
	(2445, 0, 362, 15),
	(2446, 0, 363, 15),
	(2447, 0, 364, 15),
	(2448, 0, 365, 15),
	(2449, 0, 366, 15),
	(2450, 0, 367, 15),
	(2451, 0, 368, 15),
	(2452, 0, 369, 15),
	(2453, 0, 370, 15),
	(2454, 0, 371, 15),
	(2455, 0, 372, 15),
	(2456, 0, 373, 15),
	(2457, 0, 374, 15),
	(2458, 0, 375, 15),
	(2459, 0, 376, 15),
	(2460, 0, 377, 15),
	(2461, 0, 378, 15),
	(2462, 0, 379, 15),
	(2463, 0, 380, 15);
/*!40000 ALTER TABLE `rezerwacja` ENABLE KEYS */;

-- Zrzut struktury tabela zutexpress.role
DROP TABLE IF EXISTS `role`;
CREATE TABLE IF NOT EXISTS `role` (
  `roleId` int(11) NOT NULL AUTO_INCREMENT,
  `roleName` varchar(40) NOT NULL,
  PRIMARY KEY (`roleId`)
) ENGINE=InnoDB AUTO_INCREMENT=7 DEFAULT CHARSET=utf8;

-- Zrzucanie danych dla tabeli zutexpress.role: ~6 rows (około)
DELETE FROM `role`;
/*!40000 ALTER TABLE `role` DISABLE KEYS */;
INSERT INTO `role` (`roleId`, `roleName`) VALUES
	(1, 'KL'),
	(2, 'PI'),
	(3, 'OD'),
	(4, 'OL'),
	(5, 'OS'),
	(6, 'OZ');
/*!40000 ALTER TABLE `role` ENABLE KEYS */;

-- Zrzut struktury tabela zutexpress.samolot
DROP TABLE IF EXISTS `samolot`;
CREATE TABLE IF NOT EXISTS `samolot` (
  `samolotId` int(11) NOT NULL AUTO_INCREMENT,
  `nazwaSamolotu` varchar(60) NOT NULL,
  PRIMARY KEY (`samolotId`),
  UNIQUE KEY `nazwaSamolotu` (`nazwaSamolotu`)
) ENGINE=InnoDB AUTO_INCREMENT=5 DEFAULT CHARSET=utf8;

-- Zrzucanie danych dla tabeli zutexpress.samolot: ~3 rows (około)
DELETE FROM `samolot`;
/*!40000 ALTER TABLE `samolot` DISABLE KEYS */;
INSERT INTO `samolot` (`samolotId`, `nazwaSamolotu`) VALUES
	(1, 'Zutolot 1'),
	(2, 'Zutolot 2'),
	(3, 'Zutolot 3'),
	(4, 'Zutolot 4');
/*!40000 ALTER TABLE `samolot` ENABLE KEYS */;

-- Zrzut struktury tabela zutexpress.szczegolybiletu
DROP TABLE IF EXISTS `szczegolybiletu`;
CREATE TABLE IF NOT EXISTS `szczegolybiletu` (
  `szczegolyBiletuId` int(11) NOT NULL AUTO_INCREMENT,
  `znizkaId` int(11) NOT NULL,
  `rezerwacjaId` int(11) NOT NULL,
  `biletId` int(11) NOT NULL,
  PRIMARY KEY (`szczegolyBiletuId`)
) ENGINE=InnoDB AUTO_INCREMENT=14 DEFAULT CHARSET=utf8;

-- Zrzucanie danych dla tabeli zutexpress.szczegolybiletu: ~8 rows (około)
DELETE FROM `szczegolybiletu`;
/*!40000 ALTER TABLE `szczegolybiletu` DISABLE KEYS */;
INSERT INTO `szczegolybiletu` (`szczegolyBiletuId`, `znizkaId`, `rezerwacjaId`, `biletId`) VALUES
	(1, 3, 18, 1),
	(2, 3, 19, 1),
	(3, 4, 20, 1),
	(4, 3, 644, 2),
	(5, 3, 645, 2),
	(6, 2, 646, 2),
	(7, 3, 1404, 3),
	(8, 2, 1405, 3),
	(9, 4, 1406, 3),
	(10, 3, 2, 4),
	(11, 3, 10, 4),
	(12, 2, 11, 4),
	(13, 2, 2, 5);
/*!40000 ALTER TABLE `szczegolybiletu` ENABLE KEYS */;

-- Zrzut struktury tabela zutexpress.user
DROP TABLE IF EXISTS `user`;
CREATE TABLE IF NOT EXISTS `user` (
  `userId` int(11) NOT NULL AUTO_INCREMENT,
  `email` varchar(60) NOT NULL,
  `phone` varchar(15) NOT NULL,
  `password` varchar(60) NOT NULL,
  `firstName` varchar(40) NOT NULL,
  `lastName` varchar(40) NOT NULL,
  `dateOfBirth` date DEFAULT NULL,
  `city` varchar(40) NOT NULL,
  `postalCode` varchar(6) NOT NULL,
  `address` varchar(40) NOT NULL,
  `roleId` int(11) DEFAULT NULL,
  PRIMARY KEY (`userId`),
  UNIQUE KEY `email` (`email`)
) ENGINE=InnoDB AUTO_INCREMENT=40 DEFAULT CHARSET=utf8;

-- Zrzucanie danych dla tabeli zutexpress.user: ~9 rows (około)
DELETE FROM `user`;
/*!40000 ALTER TABLE `user` DISABLE KEYS */;
INSERT INTO `user` (`userId`, `email`, `phone`, `password`, `firstName`, `lastName`, `dateOfBirth`, `city`, `postalCode`, `address`, `roleId`) VALUES
	(1, 'administrator@zutexpress.com', '666-666-666', '21232f297a57a5a743894a0e4a801fc3', 'Szymon', 'Kurak', '1986-02-12', 'Szczecin', '74-100', 'Ul. Łukowa 20', 5),
	(28, 'operatorlotow@zutexpress.com', '602-790-963', '4b583376b2767b923c3e1da60d10de59', 'Kazia', 'Kozłowska', '1949-01-19', 'Zielona Góra', '65-048', 'ul. Parkowa 80', 4),
	(29, 'pilot1@zutexpress.com', '673-443-569', 'a3452f94738cbeefe8c79c79f7336522', 'Dobrosława', 'Rutkowska', '1953-05-20', 'Warszawa', '00-680', 'ul. Żurawia 31', 2),
	(30, 'pilot2@zutexpress.com', '664-782-826', 'a3452f94738cbeefe8c79c79f7336522', 'Bogusław', 'Kucharski', '1968-06-10', 'Warszawa', '04-638', 'ul. XI Poprzeczna 130', 2),
	(31, 'pilot3@zutexpress.com', '883-637-526', 'a3452f94738cbeefe8c79c79f7336522', 'Lubomir', 'Sokołowski', '1979-09-29', 'Koszalin', '75-845', 'ul. Lechicka 133', 2),
	(32, 'klient1@gmail.com', '674-184-444', 'de3f7eb864993cb4b3a3187f3847810b', 'Jarosław', 'Walczak', '1949-01-19', 'Zawiercie', '42-400', 'ul. Nowozawiercka 118', 1),
	(33, 'klient2@gmail.com', '795-521-589', 'de3f7eb864993cb4b3a3187f3847810b', 'Amadeusz', 'Grabowski', '1984-11-21', 'Lublin', '20-226', 'ul. Palmowa 121', 1),
	(34, 'klient3@gmail.com', '886-492-151', 'de3f7eb864993cb4b3a3187f3847810b', 'Tadzio', 'Zając', '1988-02-01', 'Nowy Sącz', '33-310', 'ul. Kolejowa 90', 1),
	(36, 'operatorzamowien@zutexpress.com', '886-492-151', '4b583376b2767b923c3e1da60d10de59', 'Aleksander', 'Bąk', '1988-02-01', 'Nowy Sącz', '33-310', 'ul. Kolejowa 20', 6);
/*!40000 ALTER TABLE `user` ENABLE KEYS */;

-- Zrzut struktury tabela zutexpress.zamowienie
DROP TABLE IF EXISTS `zamowienie`;
CREATE TABLE IF NOT EXISTS `zamowienie` (
  `zamowienieId` int(11) NOT NULL AUTO_INCREMENT,
  `dataZamowienia` date NOT NULL,
  `cenaZamowienia` decimal(10,0) NOT NULL,
  `czyOplacono` tinyint(1) NOT NULL,
  `userId` int(11) NOT NULL,
  `biletId` int(11) NOT NULL,
  `platnoscId` int(11) NOT NULL,
  PRIMARY KEY (`zamowienieId`)
) ENGINE=InnoDB AUTO_INCREMENT=6 DEFAULT CHARSET=utf8;

-- Zrzucanie danych dla tabeli zutexpress.zamowienie: ~2 rows (około)
DELETE FROM `zamowienie`;
/*!40000 ALTER TABLE `zamowienie` DISABLE KEYS */;
INSERT INTO `zamowienie` (`zamowienieId`, `dataZamowienia`, `cenaZamowienia`, `czyOplacono`, `userId`, `biletId`, `platnoscId`) VALUES
	(1, '2021-06-14', 460, 1, 32, 1, 1),
	(2, '2021-06-14', 805, 1, 32, 2, 1),
	(3, '2021-06-14', 460, 1, 32, 3, 1),
	(4, '2021-06-14', 720, 1, 33, 4, 1),
	(5, '2021-06-14', 280, 1, 34, 5, 1);
/*!40000 ALTER TABLE `zamowienie` ENABLE KEYS */;

-- Zrzut struktury tabela zutexpress.znizka
DROP TABLE IF EXISTS `znizka`;
CREATE TABLE IF NOT EXISTS `znizka` (
  `znizkaId` int(11) NOT NULL AUTO_INCREMENT,
  `procentZnizka` tinyint(3) DEFAULT NULL,
  PRIMARY KEY (`znizkaId`),
  UNIQUE KEY `procentZnizka` (`procentZnizka`)
) ENGINE=InnoDB AUTO_INCREMENT=5 DEFAULT CHARSET=utf8;

-- Zrzucanie danych dla tabeli zutexpress.znizka: ~4 rows (około)
DELETE FROM `znizka`;
/*!40000 ALTER TABLE `znizka` DISABLE KEYS */;
INSERT INTO `znizka` (`znizkaId`, `procentZnizka`) VALUES
	(1, 0),
	(2, 30),
	(3, 50),
	(4, 100);
/*!40000 ALTER TABLE `znizka` ENABLE KEYS */;

/*!40101 SET SQL_MODE=IFNULL(@OLD_SQL_MODE, '') */;
/*!40014 SET FOREIGN_KEY_CHECKS=IFNULL(@OLD_FOREIGN_KEY_CHECKS, 1) */;
/*!40101 SET CHARACTER_SET_CLIENT=@OLD_CHARACTER_SET_CLIENT */;
/*!40111 SET SQL_NOTES=IFNULL(@OLD_SQL_NOTES, 1) */;
